idEquipo,Disciplina,NOC,Evento
1,3x3 Basketball,Belgium,Men
2,3x3 Basketball,Peoples Republic of China,Men
3,3x3 Basketball,Peoples Republic of China,Women
4,3x3 Basketball,France,Women
5,3x3 Basketball,Italy,Women
6,3x3 Basketball,Japan,Men
7,3x3 Basketball,Japan,Women
8,3x3 Basketball,Latvia,Men
9,3x3 Basketball,Mongolia,Women
10,3x3 Basketball,Netherlands,Men
11,3x3 Basketball,Poland,Men
12,3x3 Basketball,ROC,Men
13,3x3 Basketball,ROC,Women
14,3x3 Basketball,Romania,Women
15,3x3 Basketball,Serbia,Men
16,3x3 Basketball,United States of America,Women
17,Archery,Australia,Mens Team
18,Archery,Australia,Mixed Team
19,Archery,Bangladesh,Mixed Team
20,Archery,Belarus,WoMens Team
21,Archery,Brazil,Mixed Team
22,Archery,Canada,Mixed Team
23,Archery,Peoples Republic of China,Mens Team
24,Archery,Peoples Republic of China,Mixed Team
25,Archery,Peoples Republic of China,WoMens Team
26,Archery,Chinese Taipei,Mens Team
27,Archery,Chinese Taipei,Mixed Team
28,Archery,Chinese Taipei,WoMens Team
29,Archery,Colombia,Mixed Team
30,Archery,Egypt,Mixed Team
31,Archery,France,Mens Team
32,Archery,France,Mixed Team
33,Archery,Germany,Mixed Team
34,Archery,Germany,WoMens Team
35,Archery,Great Britain,Mens Team
36,Archery,Great Britain,Mixed Team
37,Archery,Great Britain,WoMens Team
38,Archery,India,Mens Team
39,Archery,India,Mixed Team
40,Archery,Indonesia,Mens Team
41,Archery,Indonesia,Mixed Team
42,Archery,Italy,Mixed Team
43,Archery,Italy,WoMens Team
44,Archery,Japan,Mens Team
45,Archery,Japan,Mixed Team
46,Archery,Japan,WoMens Team
47,Archery,Kazakhstan,Mens Team
48,Archery,Malaysia,Mixed Team
49,Archery,Mexico,Mixed Team
50,Archery,Mexico,WoMens Team
51,Archery,Mongolia,Mixed Team
52,Archery,Netherlands,Mens Team
53,Archery,Netherlands,Mixed Team
54,Archery,Poland,Mixed Team
55,Archery,Republic of Moldova,Mixed Team
56,Archery,Republic of Korea,Mens Team
57,Archery,Republic of Korea,Mixed Team
58,Archery,Republic of Korea,WoMens Team
59,Archery,ROC,Mixed Team
60,Archery,ROC,WoMens Team
61,Archery,Spain,Mixed Team
62,Archery,Tunisia,Mixed Team
63,Archery,Turkey,Mixed Team
64,Archery,Ukraine,Mixed Team
65,Archery,Ukraine,WoMens Team
66,Archery,United States of America,Mens Team
67,Archery,United States of America,Mixed Team
68,Archery,United States of America,WoMens Team
69,Archery,Vietnam,Mixed Team
70,Artistic Gymnastics,Belgium,WoMens Team
71,Artistic Gymnastics,Brazil,Mens Team
72,Artistic Gymnastics,Canada,WoMens Team
73,Artistic Gymnastics,Peoples Republic of China,Mens Team
74,Artistic Gymnastics,Peoples Republic of China,WoMens Team
75,Artistic Gymnastics,Chinese Taipei,Mens Team
76,Artistic Gymnastics,France,WoMens Team
77,Artistic Gymnastics,Germany,Mens Team
78,Artistic Gymnastics,Germany,WoMens Team
79,Artistic Gymnastics,Great Britain,Mens Team
80,Artistic Gymnastics,Great Britain,WoMens Team
81,Artistic Gymnastics,Italy,WoMens Team
82,Artistic Gymnastics,Japan,Mens Team
83,Artistic Gymnastics,Japan,WoMens Team
84,Artistic Gymnastics,Netherlands,WoMens Team
85,Artistic Gymnastics,Republic of Korea,Mens Team
86,Artistic Gymnastics,ROC,Mens Team
87,Artistic Gymnastics,ROC,WoMens Team
88,Artistic Gymnastics,Spain,Mens Team
89,Artistic Gymnastics,Spain,WoMens Team
90,Artistic Gymnastics,Switzerland,Mens Team
91,Artistic Gymnastics,Ukraine,Mens Team
92,Artistic Gymnastics,United States of America,Mens Team
93,Artistic Gymnastics,United States of America,WoMens Team
94,Artistic Swimming,Australia,Duet
95,Artistic Swimming,Australia,Team
96,Artistic Swimming,Austria,Duet
97,Artistic Swimming,Belarus,Duet
98,Artistic Swimming,Canada,Duet
99,Artistic Swimming,Canada,Team
100,Artistic Swimming,Peoples Republic of China,Duet
101,Artistic Swimming,Peoples Republic of China,Team
102,Artistic Swimming,Colombia,Duet
103,Artistic Swimming,Egypt,Duet
104,Artistic Swimming,Egypt,Team
105,Artistic Swimming,France,Duet
106,Artistic Swimming,Great Britain,Duet
107,Artistic Swimming,Greece,Duet
108,Artistic Swimming,Greece,Team
109,Artistic Swimming,Israel,Duet
110,Artistic Swimming,Italy,Duet
111,Artistic Swimming,Italy,Team
112,Artistic Swimming,Japan,Duet
113,Artistic Swimming,Japan,Team
114,Artistic Swimming,Kazakhstan,Duet
115,Artistic Swimming,Liechtenstein,Duet
116,Artistic Swimming,Mexico,Duet
117,Artistic Swimming,Netherlands,Duet
118,Artistic Swimming,ROC,Duet
119,Artistic Swimming,ROC,Team
120,Artistic Swimming,South Africa,Duet
121,Artistic Swimming,Spain,Duet
122,Artistic Swimming,Spain,Team
123,Artistic Swimming,Ukraine,Duet
124,Artistic Swimming,Ukraine,Team
125,Artistic Swimming,United States of America,Duet
126,Athletics,Australia,WoMens 4 x 400m Relay
127,Athletics,Bahamas,WoMens 4 x 400m Relay
128,Athletics,Belarus,WoMens 4 x 400m Relay
129,Athletics,Belgium,4 x 400m Relay Mixed
130,Athletics,Belgium,Mens 4 x 400m Relay
131,Athletics,Belgium,WoMens 4 x 400m Relay
132,Athletics,Botswana,Mens 4 x 400m Relay
133,Athletics,Brazil,4 x 400m Relay Mixed
134,Athletics,Brazil,Mens 4 x 100m Relay
135,Athletics,Brazil,WoMens 4 x 100m Relay
136,Athletics,Canada,Mens 4 x 100m Relay
137,Athletics,Canada,WoMens 4 x 400m Relay
138,Athletics,Peoples Republic of China,Mens 4 x 100m Relay
139,Athletics,Peoples Republic of China,WoMens 4 x 100m Relay
140,Athletics,Colombia,Mens 4 x 400m Relay
141,Athletics,Cuba,WoMens 4 x 400m Relay
142,Athletics,Czech Republic,Mens 4 x 400m Relay
143,Athletics,Denmark,Mens 4 x 100m Relay
144,Athletics,Denmark,WoMens 4 x 100m Relay
145,Athletics,Dominican Republic,4 x 400m Relay Mixed
146,Athletics,Ecuador,WoMens 4 x 100m Relay
147,Athletics,France,Mens 4 x 100m Relay
148,Athletics,France,Mens 4 x 400m Relay
149,Athletics,France,WoMens 4 x 100m Relay
150,Athletics,France,WoMens 4 x 400m Relay
151,Athletics,Germany,4 x 400m Relay Mixed
152,Athletics,Germany,Mens 4 x 100m Relay
153,Athletics,Germany,Mens 4 x 400m Relay
154,Athletics,Germany,WoMens 4 x 100m Relay
155,Athletics,Germany,WoMens 4 x 400m Relay
156,Athletics,Ghana,Mens 4 x 100m Relay
157,Athletics,Great Britain,4 x 400m Relay Mixed
158,Athletics,Great Britain,Mens 4 x 100m Relay
159,Athletics,Great Britain,Mens 4 x 400m Relay
160,Athletics,Great Britain,WoMens 4 x 100m Relay
161,Athletics,Great Britain,WoMens 4 x 400m Relay
162,Athletics,India,4 x 400m Relay Mixed
163,Athletics,India,Mens 4 x 400m Relay
164,Athletics,Ireland,4 x 400m Relay Mixed
165,Athletics,Italy,4 x 400m Relay Mixed
166,Athletics,Italy,Mens 4 x 100m Relay
167,Athletics,Italy,Mens 4 x 400m Relay
168,Athletics,Italy,WoMens 4 x 100m Relay
169,Athletics,Italy,WoMens 4 x 400m Relay
170,Athletics,Jamaica,4 x 400m Relay Mixed
171,Athletics,Jamaica,Mens 4 x 100m Relay
172,Athletics,Jamaica,Mens 4 x 400m Relay
173,Athletics,Jamaica,WoMens 4 x 100m Relay
174,Athletics,Jamaica,WoMens 4 x 400m Relay
175,Athletics,Japan,Mens 4 x 100m Relay
176,Athletics,Japan,Mens 4 x 400m Relay
177,Athletics,Japan,WoMens 4 x 100m Relay
178,Athletics,Netherlands,4 x 400m Relay Mixed
179,Athletics,Netherlands,Mens 4 x 100m Relay
180,Athletics,Netherlands,Mens 4 x 400m Relay
181,Athletics,Netherlands,WoMens 4 x 100m Relay
182,Athletics,Netherlands,WoMens 4 x 400m Relay
183,Athletics,Nigeria,4 x 400m Relay Mixed
184,Athletics,Nigeria,WoMens 4 x 100m Relay
185,Athletics,Poland,4 x 400m Relay Mixed
186,Athletics,Poland,Mens 4 x 400m Relay
187,Athletics,Poland,WoMens 4 x 100m Relay
188,Athletics,Poland,WoMens 4 x 400m Relay
189,Athletics,South Africa,Mens 4 x 100m Relay
190,Athletics,South Africa,Mens 4 x 400m Relay
191,Athletics,Spain,4 x 400m Relay Mixed
192,Athletics,Switzerland,WoMens 4 x 100m Relay
193,Athletics,Switzerland,WoMens 4 x 400m Relay
194,Athletics,Trinidad and Tobago,Mens 4 x 100m Relay
195,Athletics,Trinidad and Tobago,Mens 4 x 400m Relay
196,Athletics,Trinidad and Tobago,WoMens 4 x 100m Relay
197,Athletics,Turkey,Mens 4 x 100m Relay
198,Athletics,Ukraine,4 x 400m Relay Mixed
199,Athletics,Ukraine,WoMens 4 x 400m Relay
200,Athletics,United States of America,4 x 400m Relay Mixed
201,Athletics,United States of America,Mens 4 x 100m Relay
202,Athletics,United States of America,Mens 4 x 400m Relay
203,Athletics,United States of America,WoMens 4 x 100m Relay
204,Athletics,United States of America,WoMens 4 x 400m Relay
205,Baseball Softball,Australia,Softball
206,Baseball Softball,Canada,Softball
207,Baseball Softball,Dominican Republic,Baseball
208,Baseball Softball,Israel,Baseball
209,Baseball Softball,Italy,Softball
210,Baseball Softball,Japan,Baseball
211,Baseball Softball,Japan,Softball
212,Baseball Softball,Mexico,Baseball
213,Baseball Softball,Mexico,Softball
214,Baseball Softball,Republic of Korea,Baseball
215,Baseball Softball,United States of America,Baseball
216,Baseball Softball,United States of America,Softball
217,Basketball,Argentina,Men
218,Basketball,Australia,Men
219,Basketball,Australia,Women
220,Basketball,Belgium,Women
221,Basketball,Canada,Women
222,Basketball,Peoples Republic of China,Women
223,Basketball,Czech Republic,Men
224,Basketball,France,Men
225,Basketball,France,Women
226,Basketball,Germany,Men
227,Basketball,Islamic Republic of Iran,Men
228,Basketball,Italy,Men
229,Basketball,Japan,Men
230,Basketball,Japan,Women
231,Basketball,Nigeria,Men
232,Basketball,Nigeria,Women
233,Basketball,Puerto Rico,Women
234,Basketball,Republic of Korea,Women
235,Basketball,Serbia,Women
236,Basketball,Slovenia,Men
237,Basketball,Spain,Men
238,Basketball,Spain,Women
239,Basketball,United States of America,Men
240,Basketball,United States of America,Women
241,Beach Volleyball,Argentina,Men
242,Beach Volleyball,Argentina,Women
243,Beach Volleyball,Australia,Men
244,Beach Volleyball,Australia,Women
245,Beach Volleyball,Brazil,Men
246,Beach Volleyball,Brazil,Men
247,Beach Volleyball,Brazil,Women
248,Beach Volleyball,Brazil,Women
249,Beach Volleyball,Canada,Women
250,Beach Volleyball,Canada,Women
251,Beach Volleyball,Chile,Men
252,Beach Volleyball,Peoples Republic of China,Women
253,Beach Volleyball,Peoples Republic of China,Women
254,Beach Volleyball,Cuba,Women
255,Beach Volleyball,Czech Republic,Men
256,Beach Volleyball,Czech Republic,Women
257,Beach Volleyball,Germany,Men
258,Beach Volleyball,Germany,Women
259,Beach Volleyball,Germany,Women
260,Beach Volleyball,Italy,Men
261,Beach Volleyball,Italy,Men
262,Beach Volleyball,Italy,Women
263,Beach Volleyball,Japan,Men
264,Beach Volleyball,Japan,Women
265,Beach Volleyball,Kenya,Women
266,Beach Volleyball,Latvia,Men
267,Beach Volleyball,Latvia,Women
268,Beach Volleyball,Mexico,Men
269,Beach Volleyball,Morocco,Men
270,Beach Volleyball,Netherlands,Men
271,Beach Volleyball,Netherlands,Women
272,Beach Volleyball,Netherlands,Women
273,Beach Volleyball,Norway,Men
274,Beach Volleyball,Poland,Men
275,Beach Volleyball,Poland,Men
276,Beach Volleyball,Qatar,Men
277,Beach Volleyball,ROC,Men
278,Beach Volleyball,ROC,Men
279,Beach Volleyball,ROC,Women
280,Beach Volleyball,Spain,Men
281,Beach Volleyball,Spain,Women
282,Beach Volleyball,Switzerland,Men
283,Beach Volleyball,Switzerland,Women
284,Beach Volleyball,Switzerland,Women
285,Beach Volleyball,United States of America,Men
286,Beach Volleyball,United States of America,Men
287,Beach Volleyball,United States of America,Women
288,Beach Volleyball,United States of America,Women
289,Cycling Track,Australia,Mens Madison
290,Cycling Track,Australia,Mens Team Pursuit
291,Cycling Track,Australia,Mens Team Sprint
292,Cycling Track,Australia,WoMens Madison
293,Cycling Track,Australia,WoMens Team Pursuit
294,Cycling Track,Austria,Mens Madison
295,Cycling Track,Belgium,Mens Madison
296,Cycling Track,Belgium,WoMens Madison
297,Cycling Track,Canada,Mens Madison
298,Cycling Track,Canada,Mens Team Pursuit
299,Cycling Track,Canada,WoMens Madison
300,Cycling Track,Canada,WoMens Team Pursuit
301,Cycling Track,Peoples Republic of China,WoMens Team Sprint
302,Cycling Track,Denmark,Mens Madison
303,Cycling Track,Denmark,Mens Team Pursuit
304,Cycling Track,Denmark,WoMens Madison
305,Cycling Track,France,Mens Madison
306,Cycling Track,France,Mens Team Sprint
307,Cycling Track,France,WoMens Madison
308,Cycling Track,France,WoMens Team Pursuit
309,Cycling Track,Germany,Mens Madison
310,Cycling Track,Germany,Mens Team Pursuit
311,Cycling Track,Germany,Mens Team Sprint
312,Cycling Track,Germany,WoMens Madison
313,Cycling Track,Germany,WoMens Team Pursuit
314,Cycling Track,Germany,WoMens Team Sprint
315,Cycling Track,Great Britain,Mens Madison
316,Cycling Track,Great Britain,Mens Team Pursuit
317,Cycling Track,Great Britain,Mens Team Sprint
318,Cycling Track,Great Britain,WoMens Madison
319,Cycling Track,Great Britain,WoMens Team Pursuit
320,Cycling Track,Hong Kong China,WoMens Madison
321,Cycling Track,Ireland,Mens Madison
322,Cycling Track,Ireland,WoMens Madison
323,Cycling Track,Italy,Mens Madison
324,Cycling Track,Italy,Mens Team Pursuit
325,Cycling Track,Italy,WoMens Madison
326,Cycling Track,Italy,WoMens Team Pursuit
327,Cycling Track,Japan,WoMens Madison
328,Cycling Track,Lithuania,WoMens Team Sprint
329,Cycling Track,Mexico,WoMens Team Sprint
330,Cycling Track,Netherlands,Mens Madison
331,Cycling Track,Netherlands,Mens Team Sprint
332,Cycling Track,Netherlands,WoMens Madison
333,Cycling Track,Netherlands,WoMens Team Sprint
334,Cycling Track,New Zealand,Mens Madison
335,Cycling Track,New Zealand,Mens Team Pursuit
336,Cycling Track,New Zealand,Mens Team Sprint
337,Cycling Track,New Zealand,WoMens Madison
338,Cycling Track,New Zealand,WoMens Team Pursuit
339,Cycling Track,Poland,Mens Madison
340,Cycling Track,Poland,Mens Team Sprint
341,Cycling Track,Poland,WoMens Madison
342,Cycling Track,Poland,WoMens Team Sprint
343,Cycling Track,ROC,Mens Team Sprint
344,Cycling Track,ROC,WoMens Madison
345,Cycling Track,ROC,WoMens Team Sprint
346,Cycling Track,Spain,Mens Madison
347,Cycling Track,Switzerland,Mens Madison
348,Cycling Track,Switzerland,Mens Team Pursuit
349,Cycling Track,Ukraine,WoMens Team Sprint
350,Cycling Track,United States of America,Mens Madison
351,Cycling Track,United States of America,WoMens Madison
352,Cycling Track,United States of America,WoMens Team Pursuit
353,Fencing,Canada,Mens Foil Team
354,Fencing,Canada,WoMens Foil Team
355,Fencing,Peoples Republic of China,MensSword Team
356,Fencing,Peoples Republic of China,WoMensSword Team
357,Fencing,Peoples Republic of China,WoMens Sabre Team
358,Fencing,Egypt,Mens Foil Team
359,Fencing,Egypt,Mens Sabre Team
360,Fencing,Egypt,WoMens Foil Team
361,Fencing,Estonia,WoMensSword Team
362,Fencing,France,MensSword Team
363,Fencing,France,Mens Foil Team
364,Fencing,France,WoMens Foil Team
365,Fencing,France,WoMens Sabre Team
366,Fencing,Germany,Mens Foil Team
367,Fencing,Germany,Mens Sabre Team
368,Fencing,Hong Kong China,Mens Foil Team
369,Fencing,Hong Kong China,WoMensSword Team
370,Fencing,Hungary,Mens Sabre Team
371,Fencing,Hungary,WoMens Foil Team
372,Fencing,Hungary,WoMens Sabre Team
373,Fencing,Islamic Republic of Iran,Mens Sabre Team
374,Fencing,Italy,MensSword Team
375,Fencing,Italy,Mens Foil Team
376,Fencing,Italy,Mens Sabre Team
377,Fencing,Italy,WoMensSword Team
378,Fencing,Italy,WoMens Foil Team
379,Fencing,Italy,WoMens Sabre Team
380,Fencing,Japan,MensSword Team
381,Fencing,Japan,Mens Foil Team
382,Fencing,Japan,Mens Sabre Team
383,Fencing,Japan,WoMens Foil Team
384,Fencing,Japan,WoMens Sabre Team
385,Fencing,Poland,WoMensSword Team
386,Fencing,Republic of Korea,MensSword Team
387,Fencing,Republic of Korea,Mens Sabre Team
388,Fencing,Republic of Korea,WoMensSword Team
389,Fencing,Republic of Korea,WoMens Sabre Team
390,Fencing,ROC,MensSword Team
391,Fencing,ROC,Mens Foil Team
392,Fencing,ROC,Mens Sabre Team
393,Fencing,ROC,WoMensSword Team
394,Fencing,ROC,WoMens Foil Team
395,Fencing,ROC,WoMens Sabre Team
396,Fencing,Switzerland,MensSword Team
397,Fencing,Tunisia,WoMens Sabre Team
398,Fencing,Ukraine,MensSword Team
399,Fencing,United States of America,MensSword Team
400,Fencing,United States of America,Mens Foil Team
401,Fencing,United States of America,Mens Sabre Team
402,Fencing,United States of America,WoMensSword Team
403,Fencing,United States of America,WoMens Foil Team
404,Fencing,United States of America,WoMens Sabre Team
405,Football,Argentina,Men
406,Football,Australia,Men
407,Football,Australia,Women
408,Football,Brazil,Men
409,Football,Brazil,Women
410,Football,Canada,Women
411,Football,Chile,Women
412,Football,Peoples Republic of China,Women
413,Football,Ivory Coast,Men
414,Football,Egypt,Men
415,Football,France,Men
416,Football,Germany,Men
417,Football,Great Britain,Women
418,Football,Honduras,Men
419,Football,Japan,Men
420,Football,Japan,Women
421,Football,Mexico,Men
422,Football,Netherlands,Women
423,Football,New Zealand,Men
424,Football,New Zealand,Women
425,Football,Republic of Korea,Men
426,Football,Romania,Men
427,Football,Saudi Arabia,Men
428,Football,South Africa,Men
429,Football,Spain,Men
430,Football,Sweden,Women
431,Football,United States of America,Women
432,Football,Zambia,Women
433,Handball,Angola,Women
434,Handball,Argentina,Men
435,Handball,Bahrain,Men
436,Handball,Brazil,Men
437,Handball,Brazil,Women
438,Handball,Denmark,Men
439,Handball,Egypt,Men
440,Handball,France,Men
441,Handball,France,Women
442,Handball,Germany,Men
443,Handball,Hungary,Women
444,Handball,Japan,Men
445,Handball,Japan,Women
446,Handball,Montenegro,Women
447,Handball,Netherlands,Women
448,Handball,Norway,Men
449,Handball,Norway,Women
450,Handball,Portugal,Men
451,Handball,Republic of Korea,Women
452,Handball,ROC,Women
453,Handball,Spain,Men
454,Handball,Spain,Women
455,Handball,Sweden,Men
456,Handball,Sweden,Women
457,Hockey,Argentina,Men
458,Hockey,Argentina,Women
459,Hockey,Australia,Men
460,Hockey,Australia,Women
461,Hockey,Belgium,Men
462,Hockey,Canada,Men
463,Hockey,Peoples Republic of China,Women
464,Hockey,Germany,Men
465,Hockey,Germany,Women
466,Hockey,Great Britain,Men
467,Hockey,Great Britain,Women
468,Hockey,India,Men
469,Hockey,India,Women
470,Hockey,Ireland,Women
471,Hockey,Japan,Men
472,Hockey,Japan,Women
473,Hockey,Netherlands,Men
474,Hockey,Netherlands,Women
475,Hockey,New Zealand,Men
476,Hockey,New Zealand,Women
477,Hockey,South Africa,Men
478,Hockey,South Africa,Women
479,Hockey,Spain,Men
480,Hockey,Spain,Women
481,Rhythmic Gymnastics,Australia,Group All-Around
482,Rhythmic Gymnastics,Azerbaijan,Group All-Around
483,Rhythmic Gymnastics,Belarus,Group All-Around
484,Rhythmic Gymnastics,Brazil,Group All-Around
485,Rhythmic Gymnastics,Bulgaria,Group All-Around
486,Rhythmic Gymnastics,Peoples Republic of China,Group All-Around
487,Rhythmic Gymnastics,Egypt,Group All-Around
488,Rhythmic Gymnastics,Israel,Group All-Around
489,Rhythmic Gymnastics,Italy,Group All-Around
490,Rhythmic Gymnastics,Japan,Group All-Around
491,Rhythmic Gymnastics,ROC,Group All-Around
492,Rhythmic Gymnastics,Ukraine,Group All-Around
493,Rhythmic Gymnastics,United States of America,Group All-Around
494,Rhythmic Gymnastics,Uzbekistan,Group All-Around
495,Rugby Sevens,Argentina,Men
496,Rugby Sevens,Australia,Men
497,Rugby Sevens,Australia,Women
498,Rugby Sevens,Brazil,Women
499,Rugby Sevens,Canada,Men
500,Rugby Sevens,Canada,Women
501,Rugby Sevens,Peoples Republic of China,Women
502,Rugby Sevens,Fiji,Men
503,Rugby Sevens,Fiji,Women
504,Rugby Sevens,France,Women
505,Rugby Sevens,Great Britain,Men
506,Rugby Sevens,Great Britain,Women
507,Rugby Sevens,Ireland,Men
508,Rugby Sevens,Japan,Men
509,Rugby Sevens,Japan,Women
510,Rugby Sevens,Kenya,Men
511,Rugby Sevens,Kenya,Women
512,Rugby Sevens,New Zealand,Men
513,Rugby Sevens,New Zealand,Women
514,Rugby Sevens,Republic of Korea,Men
515,Rugby Sevens,ROC,Women
516,Rugby Sevens,South Africa,Men
517,Rugby Sevens,United States of America,Men
518,Rugby Sevens,United States of America,Women
519,Swimming,Australia,Mens 4 x 100m Freestyle Relay
520,Swimming,Australia,Mens 4 x 100m Medley Relay
521,Swimming,Australia,Mens 4 x 200m Freestyle Relay
522,Swimming,Australia,Mixed 4 x 100m Medley Relay
523,Swimming,Australia,WoMens 4 x 100m Freestyle Relay
524,Swimming,Australia,WoMens 4 x 100m Medley Relay
525,Swimming,Australia,WoMens 4 x 200m Freestyle Relay
526,Swimming,Belarus,Mens 4 x 100m Medley Relay
527,Swimming,Belarus,Mixed 4 x 100m Medley Relay
528,Swimming,Belarus,WoMens 4 x 100m Medley Relay
529,Swimming,Brazil,Mens 4 x 100m Freestyle Relay
530,Swimming,Brazil,Mens 4 x 100m Medley Relay
531,Swimming,Brazil,Mens 4 x 200m Freestyle Relay
532,Swimming,Brazil,Mixed 4 x 100m Medley Relay
533,Swimming,Brazil,WoMens 4 x 100m Freestyle Relay
534,Swimming,Brazil,WoMens 4 x 200m Freestyle Relay
535,Swimming,Canada,Mens 4 x 100m Freestyle Relay
536,Swimming,Canada,Mens 4 x 100m Medley Relay
537,Swimming,Canada,Mixed 4 x 100m Medley Relay
538,Swimming,Canada,WoMens 4 x 100m Freestyle Relay
539,Swimming,Canada,WoMens 4 x 100m Medley Relay
540,Swimming,Canada,WoMens 4 x 200m Freestyle Relay
541,Swimming,Peoples Republic of China,Mens 4 x 100m Medley Relay
542,Swimming,Peoples Republic of China,Mens 4 x 200m Freestyle Relay
543,Swimming,Peoples Republic of China,Mixed 4 x 100m Medley Relay
544,Swimming,Peoples Republic of China,WoMens 4 x 100m Freestyle Relay
545,Swimming,Peoples Republic of China,WoMens 4 x 100m Medley Relay
546,Swimming,Peoples Republic of China,WoMens 4 x 200m Freestyle Relay
547,Swimming,Czech Republic,WoMens 4 x 100m Freestyle Relay
548,Swimming,Denmark,WoMens 4 x 100m Freestyle Relay
549,Swimming,Denmark,WoMens 4 x 100m Medley Relay
550,Swimming,France,Mens 4 x 100m Freestyle Relay
551,Swimming,France,Mens 4 x 100m Medley Relay
552,Swimming,France,Mens 4 x 200m Freestyle Relay
553,Swimming,France,WoMens 4 x 100m Freestyle Relay
554,Swimming,France,WoMens 4 x 200m Freestyle Relay
555,Swimming,Germany,Mens 4 x 100m Freestyle Relay
556,Swimming,Germany,Mens 4 x 100m Medley Relay
557,Swimming,Germany,Mens 4 x 200m Freestyle Relay
558,Swimming,Germany,Mixed 4 x 100m Medley Relay
559,Swimming,Germany,WoMens 4 x 100m Freestyle Relay
560,Swimming,Germany,WoMens 4 x 100m Medley Relay
561,Swimming,Germany,WoMens 4 x 200m Freestyle Relay
562,Swimming,Great Britain,Mens 4 x 100m Freestyle Relay
563,Swimming,Great Britain,Mens 4 x 100m Medley Relay
564,Swimming,Great Britain,Mens 4 x 200m Freestyle Relay
565,Swimming,Great Britain,Mixed 4 x 100m Medley Relay
566,Swimming,Great Britain,WoMens 4 x 100m Freestyle Relay
567,Swimming,Great Britain,WoMens 4 x 100m Medley Relay
568,Swimming,Greece,Mens 4 x 100m Freestyle Relay
569,Swimming,Greece,Mens 4 x 100m Medley Relay
570,Swimming,Greece,Mixed 4 x 100m Medley Relay
571,Swimming,Hong Kong China,WoMens 4 x 100m Freestyle Relay
572,Swimming,Hong Kong China,WoMens 4 x 100m Medley Relay
573,Swimming,Hong Kong China,WoMens 4 x 200m Freestyle Relay
574,Swimming,Hungary,Mens 4 x 100m Freestyle Relay
575,Swimming,Hungary,Mens 4 x 100m Medley Relay
576,Swimming,Hungary,Mens 4 x 200m Freestyle Relay
577,Swimming,Hungary,Mixed 4 x 100m Medley Relay
578,Swimming,Hungary,WoMens 4 x 200m Freestyle Relay
579,Swimming,Ireland,Mens 4 x 200m Freestyle Relay
580,Swimming,Israel,Mens 4 x 200m Freestyle Relay
581,Swimming,Israel,Mixed 4 x 100m Medley Relay
582,Swimming,Italy,Mens 4 x 100m Freestyle Relay
583,Swimming,Italy,Mens 4 x 100m Medley Relay
584,Swimming,Italy,Mens 4 x 200m Freestyle Relay
585,Swimming,Italy,Mixed 4 x 100m Medley Relay
586,Swimming,Italy,WoMens 4 x 100m Medley Relay
587,Swimming,Italy,WoMens 4 x 200m Freestyle Relay
588,Swimming,Japan,Mens 4 x 100m Freestyle Relay
589,Swimming,Japan,Mens 4 x 100m Medley Relay
590,Swimming,Japan,Mens 4 x 200m Freestyle Relay
591,Swimming,Japan,Mixed 4 x 100m Medley Relay
592,Swimming,Japan,WoMens 4 x 100m Freestyle Relay
593,Swimming,Japan,WoMens 4 x 100m Medley Relay
594,Swimming,Japan,WoMens 4 x 200m Freestyle Relay
595,Swimming,Lithuania,Mens 4 x 100m Medley Relay
596,Swimming,Netherlands,Mens 4 x 100m Freestyle Relay
597,Swimming,Netherlands,Mixed 4 x 100m Medley Relay
598,Swimming,Netherlands,WoMens 4 x 100m Freestyle Relay
599,Swimming,Netherlands,WoMens 4 x 100m Medley Relay
600,Swimming,New Zealand,WoMens 4 x 200m Freestyle Relay
601,Swimming,Poland,Mens 4 x 100m Freestyle Relay
602,Swimming,Poland,Mens 4 x 100m Medley Relay
603,Swimming,Poland,Mens 4 x 200m Freestyle Relay
604,Swimming,Poland,Mixed 4 x 100m Medley Relay
605,Swimming,Poland,WoMens 4 x 100m Freestyle Relay
606,Swimming,Poland,WoMens 4 x 200m Freestyle Relay
607,Swimming,Republic of Korea,Mens 4 x 200m Freestyle Relay
608,Swimming,Republic of Korea,WoMens 4 x 200m Freestyle Relay
609,Swimming,ROC,Mens 4 x 100m Freestyle Relay
610,Swimming,ROC,Mens 4 x 100m Medley Relay
611,Swimming,ROC,Mens 4 x 200m Freestyle Relay
612,Swimming,ROC,Mixed 4 x 100m Medley Relay
613,Swimming,ROC,WoMens 4 x 100m Freestyle Relay
614,Swimming,ROC,WoMens 4 x 100m Medley Relay
615,Swimming,ROC,WoMens 4 x 200m Freestyle Relay
616,Swimming,Serbia,Mens 4 x 100m Freestyle Relay
617,Swimming,South Africa,WoMens 4 x 100m Medley Relay
618,Swimming,South Africa,WoMens 4 x 200m Freestyle Relay
619,Swimming,Spain,WoMens 4 x 100m Medley Relay
620,Swimming,Sweden,WoMens 4 x 100m Freestyle Relay
621,Swimming,Sweden,WoMens 4 x 100m Medley Relay
622,Swimming,Switzerland,Mens 4 x 100m Freestyle Relay
623,Swimming,Switzerland,Mens 4 x 200m Freestyle Relay
624,Swimming,Turkey,WoMens 4 x 200m Freestyle Relay
625,Swimming,United States of America,Mens 4 x 100m Freestyle Relay
626,Swimming,United States of America,Mens 4 x 100m Medley Relay
627,Swimming,United States of America,Mens 4 x 200m Freestyle Relay
628,Swimming,United States of America,Mixed 4 x 100m Medley Relay
629,Swimming,United States of America,WoMens 4 x 100m Freestyle Relay
630,Swimming,United States of America,WoMens 4 x 100m Medley Relay
631,Swimming,United States of America,WoMens 4 x 200m Freestyle Relay
632,Table Tennis,Australia,Mens Team
633,Table Tennis,Australia,Mixed Doubles
634,Table Tennis,Australia,WoMens Team
635,Table Tennis,Austria,Mixed Doubles
636,Table Tennis,Austria,WoMens Team
637,Table Tennis,Brazil,Mens Team
638,Table Tennis,Brazil,WoMens Team
639,Table Tennis,Canada,Mixed Doubles
640,Table Tennis,Peoples Republic of China,Mens Team
641,Table Tennis,Peoples Republic of China,Mixed Doubles
642,Table Tennis,Peoples Republic of China,WoMens Team
643,Table Tennis,Chinese Taipei,Mens Team
644,Table Tennis,Chinese Taipei,Mixed Doubles
645,Table Tennis,Chinese Taipei,WoMens Team
646,Table Tennis,Croatia,Mens Team
647,Table Tennis,Cuba,Mixed Doubles
648,Table Tennis,Egypt,Mens Team
649,Table Tennis,Egypt,Mixed Doubles
650,Table Tennis,Egypt,WoMens Team
651,Table Tennis,France,Mens Team
652,Table Tennis,France,Mixed Doubles
653,Table Tennis,France,WoMens Team
654,Table Tennis,Germany,Mens Team
655,Table Tennis,Germany,Mixed Doubles
656,Table Tennis,Germany,WoMens Team
657,Table Tennis,Hong Kong China,Mens Team
658,Table Tennis,Hong Kong China,Mixed Doubles
659,Table Tennis,Hong Kong China,WoMens Team
660,Table Tennis,Hungary,Mixed Doubles
661,Table Tennis,Hungary,WoMens Team
662,Table Tennis,India,Mixed Doubles
663,Table Tennis,Japan,Mens Team
664,Table Tennis,Japan,Mixed Doubles
665,Table Tennis,Japan,WoMens Team
666,Table Tennis,Poland,WoMens Team
667,Table Tennis,Portugal,Mens Team
668,Table Tennis,Republic of Korea,Mens Team
669,Table Tennis,Republic of Korea,Mixed Doubles
670,Table Tennis,Republic of Korea,WoMens Team
671,Table Tennis,Romania,Mixed Doubles
672,Table Tennis,Romania,WoMens Team
673,Table Tennis,Serbia,Mens Team
674,Table Tennis,Singapore,WoMens Team
675,Table Tennis,Slovakia,Mixed Doubles
676,Table Tennis,Slovenia,Mens Team
677,Table Tennis,Sweden,Mens Team
678,Table Tennis,United States of America,Mens Team
679,Table Tennis,United States of America,WoMens Team
680,Triathlon,Australia,Mixed Relay
681,Triathlon,Austria,Mixed Relay
682,Triathlon,Belgium,Mixed Relay
683,Triathlon,Canada,Mixed Relay
684,Triathlon,France,Mixed Relay
685,Triathlon,Germany,Mixed Relay
686,Triathlon,Great Britain,Mixed Relay
687,Triathlon,Hungary,Mixed Relay
688,Triathlon,Italy,Mixed Relay
689,Triathlon,Japan,Mixed Relay
690,Triathlon,Mexico,Mixed Relay
691,Triathlon,Netherlands,Mixed Relay
692,Triathlon,New Zealand,Mixed Relay
693,Triathlon,ROC,Mixed Relay
694,Triathlon,South Africa,Mixed Relay
695,Triathlon,Spain,Mixed Relay
696,Triathlon,Switzerland,Mixed Relay
697,Triathlon,United States of America,Mixed Relay
698,Volleyball,Argentina,Men
699,Volleyball,Argentina,Women
700,Volleyball,Brazil,Men
701,Volleyball,Brazil,Women
702,Volleyball,Canada,Men
703,Volleyball,Peoples Republic of China,Women
704,Volleyball,Dominican Republic,Women
705,Volleyball,France,Men
706,Volleyball,Islamic Republic of Iran,Men
707,Volleyball,Italy,Men
708,Volleyball,Italy,Women
709,Volleyball,Japan,Men
710,Volleyball,Japan,Women
711,Volleyball,Kenya,Women
712,Volleyball,Poland,Men
713,Volleyball,Republic of Korea,Women
714,Volleyball,ROC,Men
715,Volleyball,ROC,Women
716,Volleyball,Serbia,Women
717,Volleyball,Tunisia,Men
718,Volleyball,Turkey,Women
719,Volleyball,United States of America,Men
720,Volleyball,United States of America,Women
721,Volleyball,Venezuela,Men
722,Water Polo,Australia,Men
723,Water Polo,Australia,Women
724,Water Polo,Canada,Women
725,Water Polo,Peoples Republic of China,Women
726,Water Polo,Croatia,Men
727,Water Polo,Greece,Men
728,Water Polo,Hungary,Men
729,Water Polo,Hungary,Women
730,Water Polo,Italy,Men
731,Water Polo,Japan,Men
732,Water Polo,Japan,Women
733,Water Polo,Kazakhstan,Men
734,Water Polo,Montenegro,Men
735,Water Polo,Netherlands,Women
736,Water Polo,ROC,Women
737,Water Polo,Serbia,Men
738,Water Polo,South Africa,Men
739,Water Polo,South Africa,Women
740,Water Polo,Spain,Men
741,Water Polo,Spain,Women
742,Water Polo,United States of America,Men
743,Water Polo,United States of America,Women
